,Address,City,Postcode,Price,Rooms,Link,DateLastUpdated,EstimatedAnnualRent,Gross_Yield_%,Net_Yield_%,Avg_Sold_Price_2024
0,"Morton Close, London","London, UK",E1,300000.0,1,https://rightmove.co.uk/properties/161227922#/?channel=RES_BUY,2025-04-28,31199.36842105263,10.4,4.03,1106534.824411135
1,"Armsby House, Stepney Way, Stepney, London, E1","London, UK",E1,270000.0,1,https://rightmove.co.uk/properties/163750262#/?channel=RES_BUY,2025-07-18,31199.36842105263,11.56,5.02,1106534.824411135
2,"Hindmarsh Close, Wapping, London, E1","London, UK",E1,270000.0,2,https://rightmove.co.uk/properties/87089895#/?channel=RES_BUY,2025-07-17,42500.0,15.74,8.6,1106534.824411135
3,"Mile End Road, Stepney Green","London, UK",E1,300000.0,1,https://rightmove.co.uk/properties/164620823#/?channel=RES_BUY,2025-07-17,31199.36842105263,10.4,4.03,1106534.824411135
4,"Spirit Quay, Wapping","London, UK",E1,300000.0,1,https://rightmove.co.uk/properties/160722857#/?channel=RES_BUY,2025-07-16,31199.36842105263,10.4,4.03,1106534.824411135
5,"Mount Terrace, London, E1","London, UK",E1,300000.0,1,https://rightmove.co.uk/properties/87240273#/?channel=RES_BUY,2025-07-11,31199.36842105263,10.4,4.03,1106534.824411135
6,"Sidney Street, Whitechapel, E1","London, UK",E1,300000.0,1,https://rightmove.co.uk/properties/164343869#/?channel=RES_BUY,2025-07-09,31199.36842105263,10.4,4.03,1106534.824411135
7,"Spelman Street, Shoreditch","London, UK",E1,300000.0,1,https://rightmove.co.uk/properties/163662887#/?channel=RES_BUY,2025-07-08,31199.36842105263,10.4,4.03,1106534.824411135
8,"Headlam Street, London","London, UK",E1,300000.0,1,https://rightmove.co.uk/properties/164253629#/?channel=RES_BUY,2025-07-07,31199.36842105263,10.4,4.03,1106534.824411135
9,"Hayfield Passage, London, E1","London, UK",E1,275000.0,1,https://rightmove.co.uk/properties/164250686#/?channel=RES_BUY,2025-07-07,31199.36842105263,11.35,4.84,1106534.824411135
10,"Hannibal Road, London, E1","London, UK",E1,300000.0,1,https://rightmove.co.uk/properties/163989269#/?channel=RES_BUY,2025-07-01,31199.36842105263,10.4,4.03,1106534.824411135
11,"Fairclough Street, Shoreditch","London, UK",E1,275000.0,1,https://rightmove.co.uk/properties/161699714#/?channel=RES_BUY,2025-06-30,31199.36842105263,11.35,4.84,1106534.824411135
12,"Sovereign House, Cambridge Heath Road, London","London, UK",E1,300000.0,1,https://rightmove.co.uk/properties/162233783#/?channel=RES_BUY,2025-06-30,31199.36842105263,10.4,4.03,1106534.824411135
13,"Shiraj Tower, 201 Commercial Road, London, E1","London, UK",E1,280000.0,2,https://rightmove.co.uk/properties/163104638#/?channel=RES_BUY,2025-06-26,42500.0,15.18,8.12,1106534.824411135
14,"Tuscan House, Knottisford Street, London, E2","London, UK",E1,250000.0,1,https://rightmove.co.uk/properties/163593413#/?channel=RES_BUY,2025-06-20,31199.36842105263,12.48,5.81,1106534.824411135
15,"117 Hamlets Way, LONDON","London, UK",E1,300000.0,1,https://rightmove.co.uk/properties/151745735#/?channel=RES_BUY,2025-06-19,31199.36842105263,10.4,4.03,1106534.824411135
16,"Stepney Way, London, E1","London, UK",E1,270000.0,1,https://rightmove.co.uk/properties/146625269#/?channel=RES_BUY,2025-06-16,31199.36842105263,11.56,5.02,1106534.824411135
17,"East Mount Street, Whitechapel, London, E1","London, UK",E1,275000.0,1,https://rightmove.co.uk/properties/163371659#/?channel=RES_BUY,2025-06-16,31199.36842105263,11.35,4.84,1106534.824411135
18,"Commercial Road, London, E1","London, UK",E1,285000.0,1,https://rightmove.co.uk/properties/159155273#/?channel=RES_BUY,2025-06-16,31199.36842105263,10.95,4.5,1106534.824411135
19,"Maitland House, Bishops Way, Bethnal Green, London, E2","London, UK",E1,270000.0,1,https://rightmove.co.uk/properties/162749585#/?channel=RES_BUY,2025-06-10,31199.36842105263,11.56,5.02,1106534.824411135
20,"Santa Maria Court, Stepney Green","London, UK",E1,300000.0,1,https://rightmove.co.uk/properties/161570315#/?channel=RES_BUY,2025-06-06,31199.36842105263,10.4,4.03,1106534.824411135
21,"Tuscan House, Knottisford Street, London","London, UK",E1,275000.0,1,https://rightmove.co.uk/properties/162924935#/?channel=RES_BUY,2025-06-05,31199.36842105263,11.35,4.84,1106534.824411135
22,"Ravenscroft Street, Bethnal Green, London, E2","London, UK",E1,280000.0,1,https://rightmove.co.uk/properties/160117229#/?channel=RES_BUY,2025-05-30,31199.36842105263,11.14,4.66,1106534.824411135
23,"Westport Street, Limehouse, London, E1","London, UK",E1,300000.0,1,https://rightmove.co.uk/properties/162413636#/?channel=RES_BUY,2025-05-27,31199.36842105263,10.4,4.03,1106534.824411135
24,"Old Montague Street, London, E1","London, UK",E1,250000.0,1,https://rightmove.co.uk/properties/154329179#/?channel=RES_BUY,2025-05-23,31199.36842105263,12.48,5.81,1106534.824411135
25,Florin Court,"London, UK",EC1A,250000.0,1,https://rightmove.co.uk/properties/158829326#/?channel=RES_BUY,2025-07-08,32863.71428571429,13.15,6.38,1057767.2413793104
26,"Florin Court, London, EC1M 6EY","London, UK",EC1A,275000.0,1,https://rightmove.co.uk/properties/159753677#/?channel=RES_BUY,2024-10-08,32863.71428571429,11.95,5.36,1057767.2413793104
27,"Golden Lane Estate, EC1","London, UK",EC1A,300000.0,1,https://rightmove.co.uk/properties/145327076#/?channel=RES_BUY,2024-03-01,32863.71428571429,10.95,4.5,1057767.2413793104
28,"Johnny Andrews House, Boulcott Street, London E1","London, UK",E14,295000.0,1,https://rightmove.co.uk/properties/158206709#/?channel=RES_BUY,2025-02-13,28275.0,9.58,3.33,994706.448275862
29,"Seyssel Street, Canary Wharf","London, UK",E14,275000.0,1,https://rightmove.co.uk/properties/87224148#/?channel=RES_BUY,2025-07-21,28275.0,10.28,3.93,994706.448275862
30,"Seyssel Street, London","London, UK",E14,275000.0,1,https://rightmove.co.uk/properties/162744257#/?channel=RES_BUY,2025-07-21,28275.0,10.28,3.93,994706.448275862
31,"Spanby Road, London, E3","London, UK",E14,250000.0,1,https://rightmove.co.uk/properties/164773898#/?channel=RES_BUY,2025-07-21,28275.0,11.31,4.81,994706.448275862
32,"Fairmont Avenue, Canary Wharf","London, UK",E14,280000.0,1,https://rightmove.co.uk/properties/164768231#/?channel=RES_BUY,2025-07-21,28275.0,10.1,3.77,994706.448275862
33,"Bromley High Street, E3, Bow, London, E3","London, UK",E14,300000.0,2,https://rightmove.co.uk/properties/162023855#/?channel=RES_BUY,2025-07-21,37221.17647058824,12.41,5.75,994706.448275862
34,"Maltings Close, Tower Hamlets, London, E3","London, UK",E14,300000.0,1,https://rightmove.co.uk/properties/154878773#/?channel=RES_BUY,2025-07-18,28275.0,9.43,3.2,994706.448275862
35,"240 Poplar High Street, London, E14","London, UK",E14,300000.0,1,https://rightmove.co.uk/properties/162102533#/?channel=RES_BUY,2025-07-16,28275.0,9.43,3.2,994706.448275862
36,"Banning Street, London, SE10 0FF","London, UK",E14,300000.0,1,https://rightmove.co.uk/properties/164496431#/?channel=RES_BUY,2025-07-14,28275.0,9.43,3.2,994706.448275862
37,"Dewberry Street, Poplar, London, E14","London, UK",E14,250000.0,1,https://rightmove.co.uk/properties/163263020#/?channel=RES_BUY,2025-07-14,28275.0,11.31,4.81,994706.448275862
38,"Aegean Court, 20 Seven Sea Gardens, Bow, London, E3","London, UK",E14,300000.0,1,https://rightmove.co.uk/properties/159978590#/?channel=RES_BUY,2025-07-14,28275.0,9.43,3.2,994706.448275862
39,"Weatherley Close, London","London, UK",E14,300000.0,2,https://rightmove.co.uk/properties/162363593#/?channel=RES_BUY,2025-07-14,37221.17647058824,12.41,5.75,994706.448275862
40,"St. Pauls Way, London, E3","London, UK",E14,300000.0,1,https://rightmove.co.uk/properties/163676111#/?channel=RES_BUY,2025-07-14,28275.0,9.43,3.2,994706.448275862
41,"East India Dock Road, London, E14","London, UK",E14,250000.0,1,https://rightmove.co.uk/properties/158556878#/?channel=RES_BUY,2025-07-14,28275.0,11.31,4.81,994706.448275862
42,"Plough Way, Surrey Docks, SE16","London, UK",E14,300000.0,1,https://rightmove.co.uk/properties/164463830#/?channel=RES_BUY,2025-07-14,28275.0,9.43,3.2,994706.448275862
43,"Ceram Court, Bow, E3","London, UK",E14,285000.0,1,https://rightmove.co.uk/properties/162955259#/?channel=RES_BUY,2025-07-11,28275.0,9.92,3.62,994706.448275862
44,"Ceram Court, Caspian Wharf, Seven Sea Gardens, Bow, London, E3","London, UK",E14,285000.0,1,https://rightmove.co.uk/properties/161432408#/?channel=RES_BUY,2025-07-11,28275.0,9.92,3.62,994706.448275862
45,"Cubitt Wharf, Isle Of Dogs, London, E14","London, UK",E14,300000.0,1,https://rightmove.co.uk/properties/157151843#/?channel=RES_BUY,2025-07-10,28275.0,9.43,3.2,994706.448275862
46,"Arden Crescent,  Millwall, E14","London, UK",E14,300000.0,1,https://rightmove.co.uk/properties/87194580#/?channel=RES_BUY,2025-07-10,28275.0,9.43,3.2,994706.448275862
47,"Transom Square, Isle Of Dogs, London, E14","London, UK",E14,300000.0,1,https://rightmove.co.uk/properties/87190443#/?channel=RES_BUY,2025-07-10,28275.0,9.43,3.2,994706.448275862
48,"Loren Apartments, 51 Blair Street, London, E14","London, UK",E14,275000.0,1,https://rightmove.co.uk/properties/159878555#/?channel=RES_BUY,2025-07-09,28275.0,10.28,3.93,994706.448275862
49,"Barking Road, London, E16","London, UK",E14,300000.0,2,https://rightmove.co.uk/properties/161810411#/?channel=RES_BUY,2025-07-09,37221.17647058824,12.41,5.75,994706.448275862
50,"Blackwall Way, E14, Docklands, London, E14","London, UK",E14,300000.0,1,https://rightmove.co.uk/properties/163070222#/?channel=RES_BUY,2025-07-09,28275.0,9.43,3.2,994706.448275862
51,"Fusion Building, Poplar E14","London, UK",E14,250000.0,1,https://rightmove.co.uk/properties/163720730#/?channel=RES_BUY,2025-07-09,28275.0,11.31,4.81,994706.448275862
52,"Fairlead House, Cassilis Road, Canary Wharf, London, E14","London, UK",E14,250000.0,1,https://rightmove.co.uk/properties/162392843#/?channel=RES_BUY,2025-07-08,28275.0,11.31,4.81,994706.448275862
53,"The Bank Tower II, B16","Birmingham, UK",B1,275000.0,2,https://rightmove.co.uk/properties/163762337#/?channel=RES_BUY,2025-06-25,16830.0,6.12,0.37,333176.46496815287
54,"The Old Chapel, 57 St. Pauls Square, Jewellery Quarter","Birmingham, UK",B1,285000.0,2,https://rightmove.co.uk/properties/164732702#/?channel=RES_BUY,2025-07-20,16830.0,5.91,0.19,333176.46496815287
55,"Bell Barn Road, Birmingham, B15","Birmingham, UK",B1,260000.0,2,https://rightmove.co.uk/properties/162834062#/?channel=RES_BUY,2025-07-15,16830.0,6.47,0.67,333176.46496815287
56,"Axium, 36 Windmill Street, Birmingham, B1 1FW","Birmingham, UK",B1,272000.0,2,https://rightmove.co.uk/properties/87218793#/?channel=RES_BUY,2025-07-11,16830.0,6.19,0.43,333176.46496815287
57,"Windmill Street, Birmingham","Birmingham, UK",B1,280000.0,2,https://rightmove.co.uk/properties/161312111#/?channel=RES_BUY,2025-07-10,16830.0,6.01,0.28,333176.46496815287
58,"James Street, Birmingham","Birmingham, UK",B1,270950.0,2,https://rightmove.co.uk/properties/143917445#/?channel=RES_BUY,2025-07-08,16830.0,6.21,0.45,333176.46496815287
59,"Wexler Lofts, 100 Carver Street, Jewellery Quarter","Birmingham, UK",B1,280000.0,2,https://rightmove.co.uk/properties/161166824#/?channel=RES_BUY,2025-07-08,16830.0,6.01,0.28,333176.46496815287
60,"Windmill Street, BIRMINGHAM","Birmingham, UK",B1,274990.0,2,https://rightmove.co.uk/properties/160839236#/?channel=RES_BUY,2025-07-07,16830.0,6.12,0.37,333176.46496815287
61,"Sheepcote Street, Birmingham, B16","Birmingham, UK",B1,255000.0,2,https://rightmove.co.uk/properties/160517564#/?channel=RES_BUY,2025-07-07,16830.0,6.6,0.78,333176.46496815287
62,"The Axium, Windmill Street, Birmingham, B1","Birmingham, UK",B1,274990.0,2,https://rightmove.co.uk/properties/161202242#/?channel=RES_BUY,2025-07-07,16830.0,6.12,0.37,333176.46496815287
63,"Bell Barn Road, Birmingham, B15","Birmingham, UK",B1,260000.0,2,https://rightmove.co.uk/properties/162833186#/?channel=RES_BUY,2025-07-04,16830.0,6.47,0.67,333176.46496815287
64,"Camden Street, Birmingham","Birmingham, UK",B1,260000.0,1,https://rightmove.co.uk/properties/164081462#/?channel=RES_BUY,2025-07-02,12556.363636363636,4.83,-0.73,333176.46496815287
65,"Camden Village, 81 Camden Street, Jewellery Quarter","Birmingham, UK",B1,250000.0,2,https://rightmove.co.uk/properties/163940411#/?channel=RES_BUY,2025-06-30,16830.0,6.73,0.89,333176.46496815287
66,"Essex Street, Birmingham, West Midlands, B5","Birmingham, UK",B1,260000.0,2,https://rightmove.co.uk/properties/163814588#/?channel=RES_BUY,2025-06-26,16830.0,6.47,0.67,333176.46496815287
67,"JQ Rise, Goodman Street, Birmingham","Birmingham, UK",B1,300000.0,2,https://rightmove.co.uk/properties/163768499#/?channel=RES_BUY,2025-06-25,16830.0,5.61,-0.07,333176.46496815287
68,"Apartment , Birmingham","Birmingham, UK",B1,275000.0,2,https://rightmove.co.uk/properties/161959055#/?channel=RES_BUY,2025-06-24,16830.0,6.12,0.37,333176.46496815287
69,"The Lightwell, 61 Cornwall Street, Birmingham B3 2EE","Birmingham, UK",B1,290000.0,2,https://rightmove.co.uk/properties/160404032#/?channel=RES_BUY,2025-06-20,16830.0,5.8,0.1,333176.46496815287
70,"The Cube East, Wharfside Street, Birmingham","Birmingham, UK",B1,280000.0,2,https://rightmove.co.uk/properties/155496884#/?channel=RES_BUY,2024-11-29,16830.0,6.01,0.28,333176.46496815287
71,"Ludgate Lofts Apartments, 17 Ludgate Hill, Jewellery Quarter","Birmingham, UK",B1,299950.0,1,https://rightmove.co.uk/properties/162327401#/?channel=RES_BUY,2025-06-17,12556.363636363636,4.19,-1.28,333176.46496815287
72,"The Gothic, 4-6 Great Hampton Street, Birmingham, B18","Birmingham, UK",B1,250000.0,2,https://rightmove.co.uk/properties/163268957#/?channel=RES_BUY,2025-06-13,16830.0,6.73,0.89,333176.46496815287
73,"Waterfront Walk, Birmingham, West Midlands, B1","Birmingham, UK",B1,285000.0,2,https://rightmove.co.uk/properties/163244336#/?channel=RES_BUY,2025-06-12,16830.0,5.91,0.19,333176.46496815287
74,"New Hampton Lofts, 99 Branston Street, Jewellery Quarter, Birmingham, B18","Birmingham, UK",B1,260000.0,2,https://rightmove.co.uk/properties/151032944#/?channel=RES_BUY,2025-06-11,16830.0,6.47,0.67,333176.46496815287
75,"Suffolk Street Queensway, Birmingham, B1","Birmingham, UK",B1,250000.0,2,https://rightmove.co.uk/properties/161827415#/?channel=RES_BUY,2025-06-09,16830.0,6.73,0.89,333176.46496815287
76,"The Quadrant, Birmingham B1","Birmingham, UK",B1,300000.0,2,https://rightmove.co.uk/properties/163051250#/?channel=RES_BUY,2025-06-09,16830.0,5.61,-0.07,333176.46496815287
77,"Broad Street, Birmingham","Birmingham, UK",B15,270000.0,1,https://rightmove.co.uk/properties/149104559#/?channel=RES_BUY,2024-06-13,14020.800000000001,5.19,-0.42,414366.5696969697
78,"Roosevelt Apartments, 1 Lexington Gardens, Park Central","Birmingham, UK",B15,250000.0,2,https://rightmove.co.uk/properties/164609795#/?channel=RES_BUY,2025-07-16,14562.857142857145,5.83,0.12,414366.5696969697
79,"Roosevelt Apartments, 1 Lexington Gardens, Birmingham, B15","Birmingham, UK",B15,272000.0,2,https://rightmove.co.uk/properties/164608520#/?channel=RES_BUY,2025-07-16,14562.857142857145,5.35,-0.28,414366.5696969697
80,"Lexington Gardens, Birmingham, B15","Birmingham, UK",B15,258000.0,2,https://rightmove.co.uk/properties/164472014#/?channel=RES_BUY,2025-07-14,14562.857142857145,5.64,-0.04,414366.5696969697
81,"Lexington Gardens, Edgbaston, Birmingham, B15","Birmingham, UK",B15,275000.0,2,https://rightmove.co.uk/properties/164410373#/?channel=RES_BUY,2025-07-11,14562.857142857145,5.3,-0.33,414366.5696969697
82,"Lexington Gardens, Birmingham","Birmingham, UK",B15,255000.0,2,https://rightmove.co.uk/properties/164405969#/?channel=RES_BUY,2025-07-11,14562.857142857145,5.71,0.02,414366.5696969697
83,"Augustus Road, Edgbaston, Birmingham","Birmingham, UK",B15,295000.0,2,https://rightmove.co.uk/properties/164102525#/?channel=RES_BUY,2025-07-03,14562.857142857145,4.94,-0.64,414366.5696969697
84,"Lime Court , 208 Hagley Road, B16 9PQ","Birmingham, UK",B15,260000.0,2,https://rightmove.co.uk/properties/163968944#/?channel=RES_BUY,2025-06-30,14562.857142857145,5.6,-0.07,414366.5696969697
85,"Charlotte Road, Edgbaston, Birmingham, B15","Birmingham, UK",B15,299950.0,2,https://rightmove.co.uk/properties/162566114#/?channel=RES_BUY,2025-06-27,14562.857142857145,4.86,-0.71,414366.5696969697
86,"Jacksons Warehouse, 20 Tariff Street, Northern Quarter, Manchester, M1 2FJ","Manchester, UK",M1,279995.0,2,https://rightmove.co.uk/properties/142983230#/?channel=RES_BUY,2024-05-14,19878.75,7.1,1.21,518486.1052631579
87,"122 High Street, Northern Quarter","Manchester, UK",M1,250000.0,2,https://rightmove.co.uk/properties/152589506#/?channel=RES_BUY,2025-07-22,19878.75,7.95,1.94,518486.1052631579
88,"Cambridge Street, Manchester, M1","Manchester, UK",M1,250000.0,2,https://rightmove.co.uk/properties/164751680#/?channel=RES_BUY,2025-07-21,19878.75,7.95,1.94,518486.1052631579
89,"51 Whitworth Street West, Manchester, M1","Manchester, UK",M1,260000.0,2,https://rightmove.co.uk/properties/164688785#/?channel=RES_BUY,2025-07-18,19878.75,7.65,1.67,518486.1052631579
90,"Oxygen Tower, 50 Store Street, Manchester, M1","Manchester, UK",M1,290000.0,2,https://rightmove.co.uk/properties/164640182#/?channel=RES_BUY,2025-07-17,19878.75,6.85,1.0,518486.1052631579
91,"Great Ancoats Street, Manchetser, M4 6DH","Manchester, UK",M1,300000.0,2,https://rightmove.co.uk/properties/164639783#/?channel=RES_BUY,2025-07-17,19878.75,6.63,0.8,518486.1052631579
92,"One Smithfield, Northern Quarter, Manchester","Manchester, UK",M1,280000.0,2,https://rightmove.co.uk/properties/164631269#/?channel=RES_BUY,2025-07-17,19878.75,7.1,1.21,518486.1052631579
93,"Lower Byrom Street, Manchester","Manchester, UK",M1,250000.0,2,https://rightmove.co.uk/properties/164455298#/?channel=RES_BUY,2025-07-16,19878.75,7.95,1.94,518486.1052631579
94,"Dearmans Place, Salford","Manchester, UK",M1,265000.0,2,https://rightmove.co.uk/properties/164455346#/?channel=RES_BUY,2025-07-16,19878.75,7.5,1.55,518486.1052631579
95,"East Tower, M15","Manchester, UK",M1,250000.0,1,https://rightmove.co.uk/properties/164567363#/?channel=RES_BUY,2025-07-16,16681.333333333332,6.67,0.84,518486.1052631579
96,"Silvercroft Street, Manchester, Greater Manchester, M15","Manchester, UK",M1,293000.0,1,https://rightmove.co.uk/properties/164539169#/?channel=RES_BUY,2025-07-15,16681.333333333332,5.69,0.01,518486.1052631579
97,"Cotton Street, Manchester, M4","Manchester, UK",M1,260000.0,1,https://rightmove.co.uk/properties/164530286#/?channel=RES_BUY,2025-07-15,16681.333333333332,6.42,0.62,518486.1052631579
98,"Whitworth Street West, Manchester, Greater Manchester, M1","Manchester, UK",M1,280000.0,2,https://rightmove.co.uk/properties/164528597#/?channel=RES_BUY,2025-07-15,19878.75,7.1,1.21,518486.1052631579
99,"Piccadilly Place, Manchester","Manchester, UK",M1,255000.0,2,https://rightmove.co.uk/properties/156439628#/?channel=RES_BUY,2025-07-15,19878.75,7.8,1.8,518486.1052631579
100,"29 New Bailey Street, Salford","Manchester, UK",M1,259000.0,1,https://rightmove.co.uk/properties/161284145#/?channel=RES_BUY,2025-07-14,16681.333333333332,6.44,0.64,518486.1052631579
101,"Elizabeth Tower, Chester Road","Manchester, UK",M1,299950.0,1,https://rightmove.co.uk/properties/151519730#/?channel=RES_BUY,2025-07-14,16681.333333333332,5.56,-0.11,518486.1052631579
102,"James Brindley Basin, Piccadilly Village, Manchester, M1","Manchester, UK",M1,280000.0,2,https://rightmove.co.uk/properties/164487647#/?channel=RES_BUY,2025-07-14,19878.75,7.1,1.21,518486.1052631579
103,"Blade Tower, 15 Silvercroft Street, MANCHESTER","Manchester, UK",M1,273000.0,1,https://rightmove.co.uk/properties/163797197#/?channel=RES_BUY,2025-07-14,16681.333333333332,6.11,0.36,518486.1052631579
104,"Canal Wharf House, Castlefield","Manchester, UK",M1,265000.0,1,https://rightmove.co.uk/properties/157721594#/?channel=RES_BUY,2025-07-14,16681.333333333332,6.29,0.52,518486.1052631579
105,"2 Munday Street, Manchester","Manchester, UK",M1,275000.0,2,https://rightmove.co.uk/properties/163695038#/?channel=RES_BUY,2025-07-12,19878.75,7.23,1.32,518486.1052631579
106,"15 Silvercroft Street, Manchester, M15","Manchester, UK",M1,272000.0,1,https://rightmove.co.uk/properties/160744205#/?channel=RES_BUY,2025-07-11,16681.333333333332,6.13,0.38,518486.1052631579
107,"Oxygen Tower, 50 Store Street, Manchester, Greater Manchester, M1","Manchester, UK",M1,275000.0,2,https://rightmove.co.uk/properties/164405603#/?channel=RES_BUY,2025-07-11,19878.75,7.23,1.32,518486.1052631579
108,"50 Bengal Street, Manchester, M4","Manchester, UK",M1,270000.0,1,https://rightmove.co.uk/properties/157063976#/?channel=RES_BUY,2025-07-11,16681.333333333332,6.18,0.42,518486.1052631579
109,"Elizabeth Tower, 141 Chester Road, Manchester, M15","Manchester, UK",M1,290000.0,1,https://rightmove.co.uk/properties/87176964#/?channel=RES_BUY,2025-07-10,16681.333333333332,5.75,0.06,518486.1052631579
110,"Castlegate, Castlefield Chester Road M15","Manchester, UK",M1,270000.0,1,https://rightmove.co.uk/properties/162136841#/?channel=RES_BUY,2025-07-09,16681.333333333332,6.18,0.42,518486.1052631579
111,"Local Blackfriars, Salford","Manchester, UK",M4,275000.0,2,https://rightmove.co.uk/properties/164739491#/?channel=RES_BUY,2025-07-21,18552.0,6.75,0.91,316225.6449814126
112,"Hallmark Tower, 6 Cheetham Hill Road, Manchester, M4","Manchester, UK",M4,295000.0,2,https://rightmove.co.uk/properties/162992066#/?channel=RES_BUY,2025-07-17,18552.0,6.29,0.51,316225.6449814126
113,"Cypress Place, Green Quarter, Manchester, M4","Manchester, UK",M4,260000.0,2,https://rightmove.co.uk/properties/162525260#/?channel=RES_BUY,2025-07-16,18552.0,7.14,1.24,316225.6449814126
114,"Blackfriars, 56 Bury Street, Salford, M3","Manchester, UK",M4,265000.0,2,https://rightmove.co.uk/properties/163709462#/?channel=RES_BUY,2025-07-14,18552.0,7.0,1.12,316225.6449814126
115,"Jefferson Place, 1 Fernie Street, Green Quarter, Manchester","Manchester, UK",M4,250000.0,2,https://rightmove.co.uk/properties/163734632#/?channel=RES_BUY,2025-07-13,18552.0,7.42,1.48,316225.6449814126
116,"New Century Park, Manchester, M4","Manchester, UK",M4,250000.0,2,https://rightmove.co.uk/properties/164404559#/?channel=RES_BUY,2025-07-11,18552.0,7.42,1.48,316225.6449814126
117,"8 Lower Vickers Street, Manchester, M40","Manchester, UK",M4,260000.0,2,https://rightmove.co.uk/properties/158771027#/?channel=RES_BUY,2025-07-10,18552.0,7.14,1.24,316225.6449814126
118,"Derwent Street, Manchester, Greater Manchester, M4","Manchester, UK",M4,300000.0,2,https://rightmove.co.uk/properties/164350841#/?channel=RES_BUY,2025-07-09,18552.0,6.18,0.42,316225.6449814126
119,"Printing Press House, Street, Manchester","Manchester, UK",M4,250000.0,1,https://rightmove.co.uk/properties/164337632#/?channel=RES_BUY,2025-07-09,15000.0,6.0,0.27,316225.6449814126
120,"Transmission House, Tibb Street, Manchester, M4 1AG","Manchester, UK",M4,290000.0,2,https://rightmove.co.uk/properties/164313044#/?channel=RES_BUY,2025-07-08,18552.0,6.4,0.61,316225.6449814126
121,"Thomas Telford Basin, Manchester, Greater Manchester, M1","Manchester, UK",M4,280000.0,2,https://rightmove.co.uk/properties/164312996#/?channel=RES_BUY,2025-07-08,18552.0,6.63,0.8,316225.6449814126
122,"Flat 17, Printing Press House, School Street","Manchester, UK",M4,290000.0,2,https://rightmove.co.uk/properties/162331847#/?channel=RES_BUY,2025-07-08,18552.0,6.4,0.61,316225.6449814126
123,"Hallmark Tower, 6 Cheetham Hill Road, Manchester, Greater Manchester, M4","Manchester, UK",M4,280000.0,2,https://rightmove.co.uk/properties/164303747#/?channel=RES_BUY,2025-07-08,18552.0,6.63,0.8,316225.6449814126
124,"Palatine Road, West Didsbury, M20","Manchester, UK",M14,300000.0,2,https://rightmove.co.uk/properties/163305254#/?channel=RES_BUY,2025-07-08,14882.285714285714,4.96,-0.62,334833.7932960894
125,"Boundary Lane, Manchester, M15","Manchester, UK",M14,280000.0,2,https://rightmove.co.uk/properties/163276607#/?channel=RES_BUY,2025-06-13,14882.285714285714,5.32,-0.32,334833.7932960894
126,"Boundary Lane, Manchester, Greater Manchester, M15","Manchester, UK",M14,270000.0,2,https://rightmove.co.uk/properties/160650659#/?channel=RES_BUY,2025-04-14,14882.285714285714,5.51,-0.15,334833.7932960894
127,"The Summit, Liverpool Baltic Triangle","Liverpool, UK",L1,280000.0,2,https://rightmove.co.uk/properties/164677316#/?channel=RES_BUY,2025-06-10,14132.307692307691,5.05,-0.55,423129.42091836734
128,"The Summit, Liverpool Baltic Triangle","Liverpool, UK",L1,289950.0,2,https://rightmove.co.uk/properties/164724413#/?channel=RES_BUY,2025-07-19,14132.307692307691,4.87,-0.7,423129.42091836734
129,"Mann Island, Liverpool","Liverpool, UK",L1,295000.0,2,https://rightmove.co.uk/properties/164518199#/?channel=RES_BUY,2025-07-15,14132.307692307691,4.79,-0.77,423129.42091836734
130,"The Summit, Liverpool Baltic Triangle","Liverpool, UK",L1,259950.0,2,https://rightmove.co.uk/properties/164500778#/?channel=RES_BUY,2025-07-12,14132.307692307691,5.44,-0.21,423129.42091836734
131,"Liverpool Investment Flat, Business District","Liverpool, UK",L1,279950.0,2,https://rightmove.co.uk/properties/164676989#/?channel=RES_BUY,2025-07-12,14132.307692307691,5.05,-0.55,423129.42091836734
132,"The Summit, Liverpool Baltic Triangle","Liverpool, UK",L1,275000.0,2,https://rightmove.co.uk/properties/164347613#/?channel=RES_BUY,2025-07-09,14132.307692307691,5.14,-0.47,423129.42091836734
133,"The Colonnades, Albert Dock, City Centre","Liverpool, UK",L1,300000.0,2,https://rightmove.co.uk/properties/164187872#/?channel=RES_BUY,2025-07-04,14132.307692307691,4.71,-0.83,423129.42091836734
134,"Abbey Building, Liverpool","Liverpool, UK",L1,250000.0,2,https://rightmove.co.uk/properties/164185382#/?channel=RES_BUY,2025-07-04,14132.307692307691,5.65,-0.03,423129.42091836734
135,"The Summit, Liverpool Baltic Triangle","Liverpool, UK",L1,250000.0,2,https://rightmove.co.uk/properties/164163536#/?channel=RES_BUY,2025-07-04,14132.307692307691,5.65,-0.03,423129.42091836734
136,"The Prestige, Liverpool City Centre","Liverpool, UK",L1,280000.0,2,https://rightmove.co.uk/properties/163921244#/?channel=RES_BUY,2025-06-28,14132.307692307691,5.05,-0.55,423129.42091836734
137,"The Prestige, Liverpool City Centre","Liverpool, UK",L1,250000.0,2,https://rightmove.co.uk/properties/163921226#/?channel=RES_BUY,2025-06-28,14132.307692307691,5.65,-0.03,423129.42091836734
138,"The Prestige, Liverpool City Centre","Liverpool, UK",L1,275000.0,2,https://rightmove.co.uk/properties/163821785#/?channel=RES_BUY,2025-06-26,14132.307692307691,5.14,-0.47,423129.42091836734
139,"Wapping Quay, Liverpool, Merseyside, L3","Liverpool, UK",L1,270000.0,1,https://rightmove.co.uk/properties/139612190#/?channel=RES_BUY,2025-06-25,11410.90909090909,4.23,-1.25,423129.42091836734
140,Liverpool City Centre Flat,"Liverpool, UK",L1,269950.0,2,https://rightmove.co.uk/properties/164724128#/?channel=RES_BUY,2025-06-25,14132.307692307691,5.24,-0.39,423129.42091836734
141,"Kenyon Steps, Liverpool, L1","Liverpool, UK",L1,260000.0,2,https://rightmove.co.uk/properties/163742585#/?channel=RES_BUY,2025-06-24,14132.307692307691,5.44,-0.22,423129.42091836734
142,"Water Street, Liverpool","Liverpool, UK",L1,280000.0,2,https://rightmove.co.uk/properties/159971768#/?channel=RES_BUY,2025-06-20,14132.307692307691,5.05,-0.55,423129.42091836734
143,Liverpool City Centre Investment,"Liverpool, UK",L1,299950.0,2,https://rightmove.co.uk/properties/163103093#/?channel=RES_BUY,2025-06-06,14132.307692307691,4.71,-0.83,423129.42091836734
144,"The Prestige, Liverpool City Centre","Liverpool, UK",L1,269950.0,2,https://rightmove.co.uk/properties/162772958#/?channel=RES_BUY,2025-06-03,14132.307692307691,5.24,-0.39,423129.42091836734
145,"Tower Building, Water Street, Liverpool","Liverpool, UK",L1,265000.0,2,https://rightmove.co.uk/properties/155848838#/?channel=RES_BUY,2025-06-02,14132.307692307691,5.33,-0.3,423129.42091836734
146,"Dockside Residences, Liverpool, Merseyside, L3","Liverpool, UK",L1,298375.0,2,https://rightmove.co.uk/properties/162527939#/?channel=RES_BUY,2025-05-28,14132.307692307691,4.74,-0.81,423129.42091836734
147,"Monarchs Quay, Liverpool, Merseyside, L3","Liverpool, UK",L1,298375.0,2,https://rightmove.co.uk/properties/162527096#/?channel=RES_BUY,2025-05-28,14132.307692307691,4.74,-0.81,423129.42091836734
148,"Dockside REsidences, Liverpool, Merseyside, L3","Liverpool, UK",L1,298375.0,2,https://rightmove.co.uk/properties/162528323#/?channel=RES_BUY,2025-05-28,14132.307692307691,4.74,-0.81,423129.42091836734
149,"Strand Street, Liverpool, Merseyside, L1","Liverpool, UK",L1,250000.0,2,https://rightmove.co.uk/properties/162432776#/?channel=RES_BUY,2025-05-26,14132.307692307691,5.65,-0.03,423129.42091836734
150,"Crump Street, Liverpool, Merseyside, L1","Liverpool, UK",L1,260000.0,2,https://rightmove.co.uk/properties/159565961#/?channel=RES_BUY,2025-05-22,14132.307692307691,5.44,-0.22,423129.42091836734
151,"L1 Boutique, Liverpool City Centre","Liverpool, UK",L7,250000.0,2,https://rightmove.co.uk/properties/163823072#/?channel=RES_BUY,2025-02-28,10252.0,4.1,-1.36,364150.9361702128
152,"Seymour Street, Liverpool, Merseyside, L3","Liverpool, UK",L7,290000.0,2,https://rightmove.co.uk/properties/156393617#/?channel=RES_BUY,2025-01-02,10252.0,3.54,-1.84,364150.9361702128
153,"Seymour Street, Liverpool, Merseyside, L3","Liverpool, UK",L7,285000.0,2,https://rightmove.co.uk/properties/156793514#/?channel=RES_BUY,2025-01-02,10252.0,3.6,-1.79,364150.9361702128
154,"Seymour Street, Liverpool, Merseyside, L3","Liverpool, UK",L7,260000.0,2,https://rightmove.co.uk/properties/155826491#/?channel=RES_BUY,2024-12-25,10252.0,3.94,-1.49,364150.9361702128
155,"Seymour Street, Liverpool, Merseyside, L3","Liverpool, UK",L7,281000.0,2,https://rightmove.co.uk/properties/155827538#/?channel=RES_BUY,2024-12-25,10252.0,3.65,-1.74,364150.9361702128
156,"Seymour Street, Liverpool, Merseyside, L3","Liverpool, UK",L7,281000.0,2,https://rightmove.co.uk/properties/155963426#/?channel=RES_BUY,2024-12-25,10252.0,3.65,-1.74,364150.9361702128
157,"Seymour Street, Liverpool, Merseyside, L3","Liverpool, UK",L7,281000.0,2,https://rightmove.co.uk/properties/155963720#/?channel=RES_BUY,2024-12-25,10252.0,3.65,-1.74,364150.9361702128
158,"Seymour Street, Liverpool, Merseyside, L3","Liverpool, UK",L7,276000.0,2,https://rightmove.co.uk/properties/155963951#/?channel=RES_BUY,2024-12-25,10252.0,3.71,-1.69,364150.9361702128
159,"Seymour Street, Liverpool, Merseyside, L3","Liverpool, UK",L7,281000.0,2,https://rightmove.co.uk/properties/156044114#/?channel=RES_BUY,2024-12-25,10252.0,3.65,-1.74,364150.9361702128
160,"Seymour Street, Liverpool, Merseyside, L3","Liverpool, UK",L7,281000.0,2,https://rightmove.co.uk/properties/156045104#/?channel=RES_BUY,2024-12-25,10252.0,3.65,-1.74,364150.9361702128
161,"Seymour Street, Liverpool, Merseyside, L3","Liverpool, UK",L7,283000.0,2,https://rightmove.co.uk/properties/155827022#/?channel=RES_BUY,2024-12-12,10252.0,3.62,-1.77,364150.9361702128
162,"Falkner Square, Liverpool, Merseyside, L8","Liverpool, UK",L7,250000.0,2,https://rightmove.co.uk/properties/152596181#/?channel=RES_BUY,2024-09-18,10252.0,4.1,-1.36,364150.9361702128
163,"Fully Managed Liverpool Apartment, City Centre","Liverpool, UK",L7,250000.0,2,https://rightmove.co.uk/properties/160406363#/?channel=RES_BUY,2024-07-02,10252.0,4.1,-1.36,364150.9361702128
164,"Oldham Street, LIVERPOOL","Liverpool, UK",L7,250000.0,2,https://rightmove.co.uk/properties/96554287#/?channel=RES_BUY,2022-05-09,10252.0,4.1,-1.36,364150.9361702128
165,"Richmond Row, Liverpool, L3","Liverpool, UK",L6,257000.0,2,https://rightmove.co.uk/properties/158266013#/?channel=RES_BUY,2025-04-09,9661.09090909091,3.76,-1.65,125336.30179028132
166,"Waverley House, Cathedral Walk, Bristol, BS1","Bristol, UK",BS1,250000.0,1,https://rightmove.co.uk/properties/163493378#/?channel=RES_BUY,2025-07-15,15087.692307692309,6.04,0.3,991105.1407035176
167,"Sugar Store, Cabot Mews, Bristol","Bristol, UK",BS1,285000.0,2,https://rightmove.co.uk/properties/164360474#/?channel=RES_BUY,2025-07-22,18645.0,6.54,0.73,991105.1407035176
168,"French Yard, Bristol, BS1","Bristol, UK",BS1,275000.0,1,https://rightmove.co.uk/properties/162915023#/?channel=RES_BUY,2025-07-21,15087.692307692309,5.49,-0.17,991105.1407035176
169,"Pritchard Street, St Pauls","Bristol, UK",BS1,300000.0,2,https://rightmove.co.uk/properties/164358767#/?channel=RES_BUY,2025-07-21,18645.0,6.22,0.45,991105.1407035176
170,"Aberdeen Road, Bristol, Somerset, BS6","Bristol, UK",BS1,300000.0,1,https://rightmove.co.uk/properties/164738783#/?channel=RES_BUY,2025-07-21,15087.692307692309,5.03,-0.56,991105.1407035176
171,"Pembroke Road, Clifton, Bristol, BS8","Bristol, UK",BS1,300000.0,1,https://rightmove.co.uk/properties/164728265#/?channel=RES_BUY,2025-07-19,15087.692307692309,5.03,-0.56,991105.1407035176
172,"Invicta, Millennium Promenade, Bristol","Bristol, UK",BS1,250000.0,1,https://rightmove.co.uk/properties/164727032#/?channel=RES_BUY,2025-07-19,15087.692307692309,6.04,0.3,991105.1407035176
173,"Cotham Grove, Cotham, Bristol, BS6","Bristol, UK",BS1,300000.0,2,https://rightmove.co.uk/properties/164710922#/?channel=RES_BUY,2025-07-18,18645.0,6.22,0.45,991105.1407035176
174,"Belgrave Road, Clifton, Bristol, BS8","Bristol, UK",BS1,290000.0,1,https://rightmove.co.uk/properties/164710856#/?channel=RES_BUY,2025-07-18,15087.692307692309,5.2,-0.41,991105.1407035176
175,Portland Square | St Pauls,"Bristol, UK",BS1,274000.0,2,https://rightmove.co.uk/properties/161949137#/?channel=RES_BUY,2025-07-18,18645.0,6.8,0.96,991105.1407035176
176,"Southleigh Road, Bristol, BS8","Bristol, UK",BS1,270000.0,1,https://rightmove.co.uk/properties/157993328#/?channel=RES_BUY,2025-07-18,15087.692307692309,5.59,-0.08,991105.1407035176
177,"Colston Street, Bristol","Bristol, UK",BS1,285000.0,2,https://rightmove.co.uk/properties/164687597#/?channel=RES_BUY,2025-07-18,18645.0,6.54,0.73,991105.1407035176
178,The Old Drill Hall,"Bristol, UK",BS1,270000.0,2,https://rightmove.co.uk/properties/164655209#/?channel=RES_BUY,2025-07-17,18645.0,6.91,1.04,991105.1407035176
179,"St. Clements Court, St. Paul Street, Bristol, BS2","Bristol, UK",BS1,285000.0,2,https://rightmove.co.uk/properties/161527580#/?channel=RES_BUY,2025-07-17,18645.0,6.54,0.73,991105.1407035176
180,"Raleigh Road, Southville","Bristol, UK",BS1,300000.0,2,https://rightmove.co.uk/properties/164616515#/?channel=RES_BUY,2025-07-17,18645.0,6.22,0.45,991105.1407035176
181,"St. Lukes Hall, William Street, Bristol","Bristol, UK",BS1,300000.0,2,https://rightmove.co.uk/properties/164609348#/?channel=RES_BUY,2025-07-16,18645.0,6.22,0.45,991105.1407035176
182,"York Road, Bristol","Bristol, UK",BS1,270000.0,2,https://rightmove.co.uk/properties/160832384#/?channel=RES_BUY,2025-07-16,18645.0,6.91,1.04,991105.1407035176
183,"Hotwell Road, Bristol, BS8 4RY","Bristol, UK",BS1,300000.0,2,https://rightmove.co.uk/properties/161778536#/?channel=RES_BUY,2025-07-15,18645.0,6.22,0.45,991105.1407035176
184,Pembroke Road | Clifton,"Bristol, UK",BS1,275000.0,1,https://rightmove.co.uk/properties/164523854#/?channel=RES_BUY,2025-07-15,15087.692307692309,5.49,-0.17,991105.1407035176
185,"Stackpool Road, Southville, BRISTOL, BS3","Bristol, UK",BS1,290000.0,1,https://rightmove.co.uk/properties/156284717#/?channel=RES_BUY,2025-07-15,15087.692307692309,5.2,-0.41,991105.1407035176
186,"Balmoral House, Canons Way, Bristol, BS1","Bristol, UK",BS1,270000.0,2,https://rightmove.co.uk/properties/87079569#/?channel=RES_BUY,2025-07-15,18645.0,6.91,1.04,991105.1407035176
187,"5102, St James Barton, City Centre, Bristol","Bristol, UK",BS1,250000.0,1,https://rightmove.co.uk/properties/164580635#/?channel=RES_BUY,2025-07-14,15087.692307692309,6.04,0.3,991105.1407035176
188,"Thomas Lane, City Centre","Bristol, UK",BS1,285000.0,2,https://rightmove.co.uk/properties/162106895#/?channel=RES_BUY,2025-07-14,18645.0,6.54,0.73,991105.1407035176
189,"Crown & Anchor House, Sweetman Place, Bristol","Bristol, UK",BS1,255000.0,2,https://rightmove.co.uk/properties/164462057#/?channel=RES_BUY,2025-07-14,18645.0,7.31,1.39,991105.1407035176
190,"Dean Street, Bristol","Bristol, UK",BS2,265000.0,2,https://rightmove.co.uk/properties/87196416#/?channel=RES_BUY,2025-07-10,18000.0,6.79,0.95,465444.3917050691
191,"Loft House, Bishopston, Bristol","Bristol, UK",BS2,275000.0,1,https://rightmove.co.uk/properties/164777411#/?channel=RES_BUY,2025-07-21,12566.666666666666,4.57,-0.96,465444.3917050691
192,"Redland Grove, Bristol, Bristol, City of, BS6","Bristol, UK",BS2,290000.0,1,https://rightmove.co.uk/properties/156696662#/?channel=RES_BUY,2025-07-19,12566.666666666666,4.33,-1.16,465444.3917050691
193,"Berkeley Road, Bishopston, Bristol","Bristol, UK",BS2,269950.0,2,https://rightmove.co.uk/properties/162796538#/?channel=RES_BUY,2025-07-14,18000.0,6.67,0.84,465444.3917050691
194,"Richmond Street, Totterdown, Bristol","Bristol, UK",BS2,260000.0,1,https://rightmove.co.uk/properties/164421149#/?channel=RES_BUY,2025-07-11,12566.666666666666,4.83,-0.73,465444.3917050691
195,"Centrum, Goodhind Street, BS5","Bristol, UK",BS2,250000.0,2,https://rightmove.co.uk/properties/164403674#/?channel=RES_BUY,2025-07-11,18000.0,7.2,1.29,465444.3917050691
196,"Millennium Promenade, Bristol, BS1","Bristol, UK",BS2,260000.0,1,https://rightmove.co.uk/properties/164401415#/?channel=RES_BUY,2025-07-11,12566.666666666666,4.83,-0.73,465444.3917050691
197,"Ferry Street, Bristol","Bristol, UK",BS2,284000.0,2,https://rightmove.co.uk/properties/164191808#/?channel=RES_BUY,2025-07-11,18000.0,6.34,0.56,465444.3917050691
198,"Cabot24, St Pauls","Bristol, UK",BS6,295000.0,2,https://rightmove.co.uk/properties/162909200#/?channel=RES_BUY,2025-07-11,17290.0,5.86,0.15,543115.1208576998
199,"Colston Avenue, Bristol","Bristol, UK",BS6,295000.0,1,https://rightmove.co.uk/properties/87216558#/?channel=RES_BUY,2025-07-10,13380.0,4.54,-0.98,543115.1208576998
200,"Cotham Brow, Bristol, BS6","Bristol, UK",BS6,300000.0,2,https://rightmove.co.uk/properties/162625325#/?channel=RES_BUY,2025-07-10,17290.0,5.76,0.07,543115.1208576998
201,"City Road, Bristol, BS2","Bristol, UK",BS6,250000.0,2,https://rightmove.co.uk/properties/159878216#/?channel=RES_BUY,2025-07-10,17290.0,6.92,1.05,543115.1208576998
202,"Harwood Square, Horfield, BS7","Bristol, UK",BS6,290000.0,2,https://rightmove.co.uk/properties/161173673#/?channel=RES_BUY,2025-07-08,17290.0,5.96,0.24,543115.1208576998
203,"Montague Street, Stokes Croft","Bristol, UK",BS6,285000.0,2,https://rightmove.co.uk/properties/164259146#/?channel=RES_BUY,2025-07-07,17290.0,6.07,0.32,543115.1208576998
204,"Whiteladies Road, Bristol","Bristol, UK",BS6,300000.0,1,https://rightmove.co.uk/properties/164243186#/?channel=RES_BUY,2025-07-07,13380.0,4.46,-1.05,543115.1208576998
205,"Colston Street, City Centre","Bristol, UK",BS6,260000.0,2,https://rightmove.co.uk/properties/164155076#/?channel=RES_BUY,2025-07-04,17290.0,6.65,0.82,543115.1208576998
206,"Bullard Close, Bristol, BS6","Bristol, UK",BS6,250000.0,1,https://rightmove.co.uk/properties/164153087#/?channel=RES_BUY,2025-07-04,13380.0,5.35,-0.29,543115.1208576998
207,"Armidale Place, Montpelier","Bristol, UK",BS6,275000.0,2,https://rightmove.co.uk/properties/161356931#/?channel=RES_BUY,2025-07-03,17290.0,6.29,0.51,543115.1208576998
208,"Whiteladies Road, Bristol","Bristol, UK",BS6,250000.0,2,https://rightmove.co.uk/properties/162672281#/?channel=RES_BUY,2025-07-01,17290.0,6.92,1.05,543115.1208576998
209,"Springfield Avenue, Ashley Down, Bristol, BS7","Bristol, UK",BS6,265000.0,2,https://rightmove.co.uk/properties/163919876#/?channel=RES_BUY,2025-06-28,17290.0,6.52,0.72,543115.1208576998
